<?xml version="1.0"?>
<!DOCTYPE hibernate-mapping PUBLIC "-//Hibernate/Hibernate Mapping DTD 3.0//EN" "http://hibernate.sourceforge.net/hibernate-mapping-3.0.dtd">

<hibernate-mapping>
    <class name="pojo.ContactUsPojo" table="ContactUsPojo">
        <id name="Contact_ID" type="java.lang.Integer">
            <column name="Contact_ID" />
            <generator class="increment" /> 
        </id>
        <property name="name" type="java.lang.String">
            <column name="NAME" />
        </property>
        <property name="email" type="java.lang.String">
            <column name="EMAIL" />
        </property>
        <property name="yourMessage" type="java.lang.String" length="600">
            <column name="MESSAGE" />
        </property>
    </class>
</hibernate-mapping>