<?xml version='1.0' encoding='UTF-8'?>
<!DOCTYPE hibernate-configuration PUBLIC
          "-//Hibernate/Hibernate Configuration DTD 3.0//EN"
          "http://hibernate.sourceforge.net/hibernate-configuration-3.0.dtd">

<hibernate-configuration>

	<session-factory>
	<!-- Connection with Mysql -->
		<!-- <property name="hibernate.dialect">org.hibernate.dialect.MySQLDialect</property>
		<property name="hibernate.connection.driver_class">com.mysql.jdbc.Driver</property>
		<property name="hibernate.connection.url">jdbc:mysql://127.0.0.1:3306/ers</property>
		<property name="hibernate.connection.username">root</property>
		<property name="hibernate.connection.password">root</property>  -->
		
	<!-- Connection with DB2 -->
	<property name="hibernate.dialect">org.hibernate.dialect.DB2Dialect</property>
		<property name="hibernate.connection.driver_class">com.ibm.db2.jcc.DB2Driver</property>
		<property name="hibernate.connection.url">jdbc:db2://127.0.0.1:50000/ERS</property>
		<property name="hibernate.connection.username">db2admin</property>
		<property name="hibernate.connection.password">root</property>
	
	<!-- Connection with oracle 11g -->
	<!-- <property name="hibernate.dialect">org.hibernate.dialect.MySQLDialect</property>
		<property name="hibernate.connection.driver_class">com.mysql.jdbc.Driver</property>
		<property name="hibernate.connection.url">jdbc:mysql://127.0.0.1:3306/ers</property>
		<property name="hibernate.connection.username">root</property>
		<property name="hibernate.connection.password">root</property> -->
		
		
	<!-- Connection with Sql Server -->
	<!-- <property name="hibernate.dialect">org.hibernate.dialect.MySQLDialect</property>
		<property name="hibernate.connection.driver_class">com.mysql.jdbc.Driver</property>
		<property name="hibernate.connection.url">jdbc:mysql://127.0.0.1:3306/ers</property>
		<property name="hibernate.connection.username">root</property>
		<property name="hibernate.connection.password">root</property> -->
	
	
		<property name="hibernate.show_sql">true</property>
		<property name="hibernate.hbm2ddl.auto">update</property>
		<mapping resource="hibernate/UserPojo.hbm.xml" />
		<mapping resource="hibernate/Project.hbm.xml"/>
		<mapping resource="hibernate/Advert.hbm.xml"/>
		<mapping resource="hibernate/Question.hbm.xml"/>
		<mapping resource="hibernate/Job.hbm.xml"/>
		<mapping resource="hibernate/Exam.hbm.xml"/>
		<mapping resource="hibernate/Resume.hbm.xml"/>
		<mapping resource="hibernate/Resume_Experience.hbm.xml"/>
		<mapping resource="hibernate/Resume_qualification.hbm.xml"/>
		<mapping resource="hibernate/ContactUsPojo.hbm.xml"/>
	</session-factory>

</hibernate-configuration>